{"cameraMode":{"drawMode":0,"name":"Shaded","section":"Shading Mode"},"sceneLighting":false,"audioPlay":false,"sceneViewState":{"showFog":true,"showMaterialUpdate":false,"showSkybox":true,"showFlares":true,"showImageEffects":true,"showParticleSystems":true},"in2DMode":false,"pivot":{"x":0.0,"y":0.24644669890403748,"z":0.08569411188364029},"rotation":{"x":0.3338702619075775,"y":0.07060427963733673,"z":-0.025095181539654733,"w":0.9396581649780273},"size":1.4312773942947388,"orthographic":false}